Customer_name,Customer_Email,Customer_Phone,Customer_Address1,Customer_Address2,Customer_City,Customer_State,Customer_Zip,Customer_Country
Shaily,php.zaptech1@gmail.com,9745228050,xyz,xyz,Ahmedabad,Gujarat,394120,India
abc,abc.xyz@gmail.com,7852149621,test,test,Ahmedabad,Gujarat,380001,India
xyz,xyz.abc@yahoo.com,5621354712,test1,test1,SURAT,Gujarat,745213,India
pqr,pqr@outlook.com,7854129632,test2,test2,Baroda,Gujarat,965421,India
ade,xyz@yahoo.com,8542416396,test3,test3,Pune,Maharastra,874521,India
t,t.t@gmail.com,7845128521,test4,test4,Delhi,Delhi,854124,India
s,s.s@yahoo.com,7541263410,test5,test5,Ahmedabad,Gujarat,380012,India
a,a.abc@hotmail.com,3214569874,test6,test6,SURAT,Gujarat,741258,India
m,mn@gmail.com,4512748512,test7,test7,Rajkot,Gujarat,451257,India
lm,km@yahoo.com,1236547890,test8,test8,Rajkot,Gujarat,741257,India
op,op@gmail.com,7412857412,test9,test9,SURAT,Gujarat,741289,India
jk,jk@yahoo.com,8512369711,test10,test10,Pune,Maharastra,963214,India
gh,g123@gmail.com,6325412578,test11,test11,Rajkot,Gujarat,741963,India
hetal,test@yahoo.com,9856321474,test12,test12,Baroda,Gujarat,325416,India
janak,janak@gmail.com,9632584171,test13,test13,Gandhinagar,Gujarat,741258,India
dimple ,dshah@yahoo.com,9856321474,test14,test14,Gandhinagar,Gujarat,524136,India
Aakash,aa_kash@gmail.com,8512637456,test15,test15,Ahmedabad,Gujarat,380009,India
Twinkle,ty@gmail.com,8521364157,test16,test16,SURAT,Gujarat,741285,India
test,test@gmail.com,9658214731,test17,test17,Baroda,Gujarat,365214,India
test1,t.test@yahoo.com,7412563242,test18,test18,Pune,Maharastra,741251,India
test2,t.test2@yahoo.com,9684741325,abc1,test19,Baroda,Gujarat,781245,India
test3,t.test3@yahoo.com,9652143981,abc2,test20,Newyork,Newyork,854124,US
test4,t.test4@yahoo.com,9645218732,abc3,test21,Mumbai,Maharastra,321452,India
test5,t.test5@yahoo.com,9724103296,abc4,test22,Newyork,Newyork,125412,US
test6,t.test6@yahoo.com,5241369871,abc5,test23,Delhi,Delhi,785412,India
test7,t.test7@yahoo.com,6352789541,abc6,test24,Gandhinagar,Gujarat,965413,India
test8,t.test8@yahoo.com,5014523697,abc7,test25,Mumbai,Maharastra,254135,India
test9,t.test9@yahoo.com,8852136954,abc8,test26,Newyork,Newyork,124563,US
test10,t.test10@yahoo.com,8000214562,abc9,test27,Newyork,Newyork,874156,US
test11,t.test11@yahoo.com,9675412354,abc10,test28,Delhi,Delhi,562413,India
test12,t.test12@yahoo.com,8000542671,abc11,test29,Delhi,Delhi,985412,India
test13,t.test13@yahoo.com,6982800001,abc12,test30,Rajkot,Gujarat,741258,India
test14,t.test14@yahoo.com,6931471571,abc13,test31,Pune,Maharastra,965234,India
test15,t.test15@yahoo.com,9000154726,abc14,test32,SURAT,Gujarat,125789,India
test16,t.test16@yahoo.com,7421256321,abc15,test33,SURAT,Gujarat,365241,India
test17,t.test17@yahoo.com,7854296321,abc16,test34,SURAT,Gujarat,895741,India
test18,t.test18@yahoo.com,7854296322,abc17,test35,SURAT,Gujarat,895742,India
test19,t.test19@yahoo.com,7854296323,abc18,test36,SURAT,Gujarat,895743,India
test20,t.test20@yahoo.com,7854296324,abc19,test37,SURAT,Gujarat,895744,India
test21,t.test21@yahoo.com,7854296325,abc20,test38,SURAT,Gujarat,895745,India
test22,t.test22@yahoo.com,7854296326,abc21,test39,SURAT,Gujarat,895746,India
test23,t.test23@yahoo.com,7854296327,abc22,test40,SURAT,Gujarat,895747,India
test24,t.test24@yahoo.com,7854296328,abc23,test41,SURAT,Gujarat,895748,India
test25,t.test25@yahoo.com,7854296329,abc24,test42,SURAT,Gujarat,895749,India
test26,t.test26@yahoo.com,7854296330,abc25,test43,SURAT,Gujarat,895750,India
test27,t.test27@yahoo.com,7854296331,abc26,test44,SURAT,Gujarat,895751,India
test28,t.test28@yahoo.com,7854296332,abc27,test45,SURAT,Gujarat,895752,India
test29,t.test29@yahoo.com,7854296333,abc28,test46,SURAT,Gujarat,895753,India
test30,t.test30@yahoo.com,7854296334,abc29,test47,SURAT,Gujarat,895754,India
test31,t.test31@yahoo.com,7854296335,abc30,test48,SURAT,Gujarat,895755,India
test32,t.test32@yahoo.com,7854296336,abc31,test49,SURAT,Gujarat,895756,India
test33,t.test33@yahoo.com,7854296337,abc32,test50,SURAT,Gujarat,895757,India
test34,t.test34@yahoo.com,7854296338,abc33,test51,SURAT,Gujarat,895758,India
test35,t.test35@yahoo.com,7854296339,abc34,test52,SURAT,Gujarat,895759,India
test36,t.test36@yahoo.com,7854296340,abc35,test53,SURAT,Gujarat,895760,India
test37,t.test37@yahoo.com,7854296341,abc36,test54,SURAT,Gujarat,895761,India
test38,t.test38@yahoo.com,7854296342,abc37,test55,SURAT,Maharastra,895762,India
test39,t.test39@yahoo.com,7854296343,abc38,test56,SURAT,Maharastra,895763,India
test40,t.test40@yahoo.com,7854296344,abc39,test57,SURAT,Maharastra,895764,India
test41,t.test41@yahoo.com,7854296345,abc40,test58,SURAT,Maharastra,895765,India
test42,t.test42@yahoo.com,7854296346,abc41,test59,SURAT,Maharastra,895766,India
test43,t.test43@yahoo.com,7854296347,abc42,test60,SURAT,Maharastra,895767,India
test44,t.test44@yahoo.com,7854296348,abc43,test61,SURAT,Maharastra,895768,India
test45,t.test45@yahoo.com,7854296349,abc44,test62,SURAT,Maharastra,895769,India
test46,t.test46@yahoo.com,7854296350,abc45,test63,SURAT,Maharastra,895770,India
test47,t.test47@yahoo.com,7854296351,abc46,test64,SURAT,Maharastra,895771,India
test48,t.test48@yahoo.com,7854296352,abc47,test65,SURAT,Maharastra,895772,India
test49,t.test49@yahoo.com,7854296353,abc48,test66,SURAT,Maharastra,895773,India
test50,t.test50@yahoo.com,7854296354,abc49,test67,SURAT,Maharastra,895774,India
test51,t.test51@yahoo.com,7854296355,abc50,test68,SURAT,Maharastra,895775,India
test52,t.test52@yahoo.com,7854296356,abc51,test69,SURAT,Maharastra,895776,India
test53,t.test53@yahoo.com,7854296357,abc52,test70,SURAT,Maharastra,895777,India
test54,t.test54@yahoo.com,7854296358,abc53,test71,SURAT,Maharastra,895778,India
test55,t.test55@yahoo.com,7854296359,abc54,test72,SURAT,Maharastra,895779,India
test56,t.test56@yahoo.com,7854296360,abc55,test73,SURAT,Maharastra,895780,India
test57,t.test57@yahoo.com,7854296361,abc56,test74,SURAT,Maharastra,895781,India
test58,t.test58@yahoo.com,7854296362,abc57,test75,SURAT,Maharastra,895782,India
test59,t.test59@yahoo.com,7854296363,abc58,test76,SURAT,Maharastra,895783,India
test60,t.test60@yahoo.com,7854296364,abc59,test77,SURAT,Newyork,895784,India
test61,t.test61@yahoo.com,7854296365,abc60,test78,SURAT,Newyork,895785,India
test62,t.test62@yahoo.com,7854296366,abc61,test79,SURAT,Newyork,895786,India
test63,t.test63@yahoo.com,7854296367,abc62,test80,SURAT,Newyork,895787,India
test64,t.test64@yahoo.com,7854296368,abc63,test81,SURAT,Newyork,895788,India
test65,t.test65@yahoo.com,7854296369,abc64,test82,SURAT,Newyork,895789,India
test66,t.test66@yahoo.com,7854296370,abc65,test83,SURAT,Newyork,895790,India
test67,t.test67@yahoo.com,7854296371,abc66,test84,SURAT,Newyork,895791,India
test68,t.test68@yahoo.com,7854296372,abc67,test85,SURAT,Newyork,895792,India
test69,t.test69@yahoo.com,7854296373,abc68,test86,SURAT,Newyork,895793,India
test70,t.test70@yahoo.com,7854296374,abc69,test87,SURAT,Newyork,895794,India
test71,t.test71@yahoo.com,7854296375,abc70,test88,SURAT,Newyork,895795,India
test72,t.test72@yahoo.com,7854296376,abc71,test89,SURAT,Newyork,895796,India
test73,t.test73@yahoo.com,7854296377,abc72,test90,SURAT,Newyork,895797,India
test74,t.test74@yahoo.com,7854296378,abc73,test91,SURAT,Newyork,895798,India
test75,t.test75@yahoo.com,7854296379,abc74,test92,SURAT,Newyork,895799,India
test76,t.test76@yahoo.com,7854296380,abc75,test93,SURAT,Newyork,895800,India
test77,t.test77@yahoo.com,7854296381,abc76,test94,SURAT,Newyork,895801,India
test78,t.test78@yahoo.com,7854296382,abc77,test95,SURAT,Newyork,895802,India
test79,t.test79@yahoo.com,7854296383,abc78,test96,SURAT,Newyork,895803,India
test80,t.test80@yahoo.com,7854296384,abc79,test97,SURAT,Newyork,895804,India
test81,t.test81@yahoo.com,7854296385,abc80,test98,SURAT,Newyork,895805,India
test82,t.test82@yahoo.com,7854296386,abc81,test99,SURAT,Newyork,895806,India
test83,t.test83@yahoo.com,7854296387,abc82,test100,SURAT,Newyork,895807,India
test84,t.test84@yahoo.com,7854296388,abc83,test101,SURAT,Newyork,895808,India
test85,t.test85@yahoo.com,7854296389,abc84,test102,SURAT,Newyork,895809,India
test86,t.test86@yahoo.com,7854296390,abc85,test103,SURAT,Newyork,895810,India
test87,t.test87@yahoo.com,7854296391,abc86,test104,SURAT,Newyork,895811,India
test88,t.test88@yahoo.com,7854296392,abc87,test105,SURAT,Newyork,895812,India
test89,t.test89@yahoo.com,7854296393,abc88,test106,SURAT,Newyork,895813,India
test90,t.test90@yahoo.com,7854296394,abc89,test107,SURAT,Newyork,895814,India
test91,t.test91@yahoo.com,7854296395,abc90,test108,SURAT,Newyork,895815,India
test92,t.test92@yahoo.com,7854296396,abc91,test109,SURAT,Newyork,895816,India
test93,t.test93@yahoo.com,7854296397,abc92,test110,SURAT,Newyork,895817,India
test94,t.test94@yahoo.com,7854296398,abc93,test111,SURAT,Newyork,895818,India
test95,t.test95@yahoo.com,7854296399,abc94,test112,SURAT,Newyork,895819,India
test96,t.test96@yahoo.com,7854296400,abc95,test113,SURAT,Newyork,895820,India
test97,t.test97@yahoo.com,7854296401,abc96,test114,SURAT,Newyork,895821,India
test98,t.test98@yahoo.com,7854296402,abc97,test115,SURAT,Newyork,895822,India
test99,t.test99@yahoo.com,7854296403,abc98,test116,SURAT,Newyork,895823,India
test100,t.test100@yahoo.com,7854296404,abc99,test117,SURAT,Newyork,895824,India
test101,t.test101@yahoo.com,7854296405,abc100,test118,SURAT,Newyork,895825,India
test102,t.test102@yahoo.com,7854296406,abc101,test119,SURAT,Newyork,895826,India
test103,t.test103@yahoo.com,7854296407,abc102,test120,SURAT,Gujarat,895827,India
test104,t.test104@yahoo.com,7854296408,abc103,test121,SURAT,Gujarat,895828,India
test105,t.test105@yahoo.com,7854296409,abc104,test122,SURAT,Gujarat,895829,India
test106,t.test106@yahoo.com,7854296410,abc105,test123,SURAT,Gujarat,895830,India
test107,t.test107@yahoo.com,7854296411,abc106,test124,SURAT,Gujarat,895831,India
test108,t.test108@yahoo.com,7854296412,abc107,test125,SURAT,Gujarat,895832,India
test109,t.test109@yahoo.com,7854296413,abc108,test126,SURAT,Gujarat,895833,India
test110,t.test110@yahoo.com,7854296414,abc109,test127,SURAT,Gujarat,895834,India
test111,t.test111@yahoo.com,7854296415,abc110,test128,SURAT,Gujarat,895835,India
test112,t.test112@yahoo.com,7854296416,abc111,test129,SURAT,Gujarat,895836,India
test113,t.test113@yahoo.com,7854296417,abc112,test130,SURAT,Gujarat,895837,India
test114,t.test114@yahoo.com,7854296418,abc113,test131,SURAT,Gujarat,895838,India
test115,t.test115@yahoo.com,7854296419,abc114,test132,SURAT,Gujarat,895839,India
test116,t.test116@yahoo.com,7854296420,abc115,test133,SURAT,Gujarat,895840,India
test117,t.test117@yahoo.com,7854296421,abc116,test134,SURAT,Gujarat,895841,India
test118,t.test118@yahoo.com,7854296422,abc117,test135,SURAT,Gujarat,895842,India
test119,t.test119@yahoo.com,7854296423,abc118,test136,SURAT,Gujarat,895843,India
test120,t.test120@yahoo.com,7854296424,abc119,test137,SURAT,Gujarat,895844,India
test121,t.test121@yahoo.com,7854296425,abc120,test138,SURAT,Gujarat,895845,India
test122,t.test122@yahoo.com,7854296426,abc121,test139,SURAT,Gujarat,895846,India
test123,t.test123@yahoo.com,7854296427,abc122,test140,SURAT,Gujarat,895847,India
test124,t.test124@yahoo.com,7854296428,abc123,test141,SURAT,Gujarat,895848,India
test125,t.test125@yahoo.com,7854296429,abc124,test142,SURAT,Gujarat,895849,India
test126,t.test126@yahoo.com,7854296430,abc125,test143,SURAT,Gujarat,895850,India
test127,t.test127@yahoo.com,7854296431,abc126,test144,SURAT,Gujarat,895851,India
test128,t.test128@yahoo.com,7854296432,abc127,test145,SURAT,Gujarat,895852,India
test129,t.test129@yahoo.com,7854296433,abc128,test146,SURAT,Gujarat,895853,India
test130,t.test130@yahoo.com,7854296434,abc129,test147,SURAT,Gujarat,895854,India
test131,t.test131@yahoo.com,7854296435,abc130,test148,SURAT,Gujarat,895855,India
test132,t.test132@yahoo.com,7854296436,abc131,test149,SURAT,Gujarat,895856,India
test133,t.test133@yahoo.com,7854296437,abc132,test150,SURAT,Gujarat,895857,India
test134,t.test134@yahoo.com,7854296438,abc133,test151,SURAT,Gujarat,895858,India
test135,t.test135@yahoo.com,7854296439,abc134,test152,SURAT,Gujarat,895859,India
test136,t.test136@yahoo.com,7854296440,abc135,test153,SURAT,Gujarat,895860,India
test137,t.test137@yahoo.com,7854296441,abc136,test154,SURAT,Gujarat,895861,India
test138,t.test138@yahoo.com,7854296442,abc137,test155,SURAT,Gujarat,895862,India
test139,t.test139@yahoo.com,7854296443,abc138,test156,SURAT,Gujarat,895863,India
test140,t.test140@yahoo.com,7854296444,abc139,test157,SURAT,Gujarat,895864,India
test141,t.test141@yahoo.com,7854296445,abc140,test158,SURAT,Gujarat,895865,India
test142,t.test142@yahoo.com,7854296446,abc141,test159,SURAT,Gujarat,895866,India
test143,t.test143@yahoo.com,7854296447,abc142,test160,SURAT,Gujarat,895867,India
test144,t.test144@yahoo.com,7854296448,abc143,test161,SURAT,Gujarat,895868,India
test145,t.test145@yahoo.com,7854296449,abc144,test162,SURAT,Gujarat,895869,India
test146,t.test146@yahoo.com,7854296450,abc145,test163,SURAT,Gujarat,895870,India
test147,t.test147@yahoo.com,7854296451,abc146,test164,SURAT,Gujarat,895871,India
test148,t.test148@yahoo.com,7854296452,abc147,test165,SURAT,Gujarat,895872,India
test149,t.test149@yahoo.com,7854296453,abc148,test166,SURAT,Gujarat,895873,India
test150,t.test150@yahoo.com,7854296454,abc149,test167,SURAT,Gujarat,895874,India
test151,t.test151@yahoo.com,7854296455,abc150,test168,SURAT,Gujarat,895875,India
test152,t.test152@yahoo.com,7854296456,abc151,test169,SURAT,Gujarat,895876,India
test153,t.test153@yahoo.com,7854296457,abc152,test170,SURAT,Gujarat,895877,India
test154,t.test154@yahoo.com,7854296458,abc153,test171,SURAT,Gujarat,895878,India
test155,t.test155@yahoo.com,7854296459,abc154,test172,SURAT,Gujarat,895879,India
test156,t.test156@yahoo.com,7854296460,abc155,test173,SURAT,Gujarat,895880,India
test157,t.test157@yahoo.com,7854296461,abc156,test174,SURAT,Gujarat,895881,India
test158,t.test158@yahoo.com,7854296462,abc157,test175,SURAT,Gujarat,895882,India
test159,t.test159@yahoo.com,7854296463,abc158,test176,SURAT,Gujarat,895883,India
test160,t.test160@yahoo.com,7854296464,abc159,test177,SURAT,Gujarat,895884,India
test161,t.test161@yahoo.com,7854296465,abc160,test178,SURAT,Gujarat,895885,India
test162,t.test162@yahoo.com,7854296466,abc161,test179,SURAT,Gujarat,895886,India
test163,t.test163@yahoo.com,7854296467,abc162,test180,SURAT,Gujarat,895887,India
test164,t.test164@yahoo.com,7854296468,abc163,test181,SURAT,Gujarat,895888,India
test165,t.test165@yahoo.com,7854296469,abc164,test182,SURAT,Gujarat,895889,India
test166,t.test166@yahoo.com,7854296470,abc165,test183,SURAT,Gujarat,895890,India
test167,t.test167@yahoo.com,7854296471,abc166,test184,SURAT,Gujarat,895891,India
test168,t.test168@yahoo.com,7854296472,abc167,test185,SURAT,Gujarat,895892,India
test169,t.test169@yahoo.com,7854296473,abc168,test186,SURAT,Gujarat,895893,India
test170,t.test170@yahoo.com,7854296474,abc169,test187,SURAT,Gujarat,895894,India
test171,t.test171@yahoo.com,7854296475,abc170,test188,SURAT,Gujarat,895895,India
test172,t.test172@yahoo.com,7854296476,abc171,test189,SURAT,Gujarat,895896,India
test173,t.test173@yahoo.com,7854296477,abc172,test190,SURAT,Gujarat,895897,India
test174,t.test174@yahoo.com,7854296478,abc173,test191,SURAT,Gujarat,895898,India
test175,t.test175@yahoo.com,7854296479,abc174,test192,SURAT,Gujarat,895899,India
test176,t.test176@yahoo.com,7854296480,abc175,test193,SURAT,Gujarat,895900,India
test177,t.test177@yahoo.com,7854296481,abc176,test194,SURAT,Gujarat,895901,India
test178,t.test178@yahoo.com,7854296482,abc177,test195,SURAT,Gujarat,895902,India
test179,t.test179@yahoo.com,7854296483,abc178,test196,SURAT,Gujarat,895903,India
test180,t.test180@yahoo.com,7854296484,abc179,test197,SURAT,Gujarat,895904,India
test181,t.test181@yahoo.com,7854296485,abc180,test198,SURAT,Gujarat,895905,India
test182,t.test182@yahoo.com,7854296486,abc181,test199,SURAT,Gujarat,895906,India
test183,t.test183@yahoo.com,7854296487,abc182,test200,SURAT,Gujarat,895907,India
test184,t.test184@yahoo.com,7854296488,abc183,test201,SURAT,Gujarat,895908,India
test185,t.test185@yahoo.com,7854296489,abc184,test202,SURAT,Gujarat,895909,India
test186,t.test186@yahoo.com,7854296490,abc185,test203,SURAT,Gujarat,895910,India
test187,t.test187@yahoo.com,7854296491,abc186,test204,SURAT,Gujarat,895911,India
test188,t.test188@yahoo.com,7854296492,abc187,test205,SURAT,Gujarat,895912,India
test189,t.test189@yahoo.com,7854296493,abc188,test206,SURAT,Gujarat,895913,India
test190,t.test190@yahoo.com,7854296494,abc189,test207,SURAT,Gujarat,895914,India
test191,t.test191@yahoo.com,7854296495,abc190,test208,SURAT,Gujarat,895915,India
test192,t.test192@yahoo.com,7854296496,abc191,test209,SURAT,Gujarat,895916,India
test193,t.test193@yahoo.com,7854296497,abc192,test210,SURAT,Gujarat,895917,India
test194,t.test194@yahoo.com,7854296498,abc193,test211,SURAT,Gujarat,895918,India
test195,t.test195@yahoo.com,7854296499,abc194,test212,SURAT,Gujarat,895919,India
test196,t.test196@yahoo.com,7854296500,abc195,test213,SURAT,Gujarat,895920,India
test197,t.test197@yahoo.com,7854296501,abc196,test214,SURAT,Gujarat,895921,India
test198,t.test198@yahoo.com,7854296502,abc197,test215,SURAT,Gujarat,895922,India
test199,t.test199@yahoo.com,7854296503,abc198,test216,SURAT,Gujarat,895923,India
test200,t.test200@yahoo.com,7854296504,abc199,test217,SURAT,Gujarat,895924,India
test201,t.test201@yahoo.com,7854296505,abc200,test218,SURAT,Gujarat,895925,India
test202,t.test202@yahoo.com,7854296506,abc201,test219,SURAT,Gujarat,895926,India
test203,t.test203@yahoo.com,7854296507,abc202,test220,SURAT,Gujarat,895927,India
test204,t.test204@yahoo.com,7854296508,abc203,test221,SURAT,Gujarat,895928,India
test205,t.test205@yahoo.com,7854296509,abc204,test222,SURAT,Gujarat,895929,India
test206,t.test206@yahoo.com,7854296510,abc205,test223,SURAT,Gujarat,895930,India
test207,t.test207@yahoo.com,7854296511,abc206,test224,SURAT,Gujarat,895931,India
test208,t.test208@yahoo.com,7854296512,abc207,test225,SURAT,Gujarat,895932,India
test209,t.test209@yahoo.com,7854296513,abc208,test226,SURAT,Gujarat,895933,India
test210,t.test210@yahoo.com,7854296514,abc209,test227,SURAT,Gujarat,895934,India
test211,t.test211@yahoo.com,7854296515,abc210,test228,SURAT,Gujarat,895935,India
test212,t.test212@yahoo.com,7854296516,abc211,test229,SURAT,Gujarat,895936,India
test213,t.test213@yahoo.com,7854296517,abc212,test230,SURAT,Gujarat,895937,India
test214,t.test214@yahoo.com,7854296518,abc213,test231,SURAT,Gujarat,895938,India
test215,t.test215@yahoo.com,7854296519,abc214,test232,SURAT,Gujarat,895939,India
test216,t.test216@yahoo.com,7854296520,abc215,test233,SURAT,Gujarat,895940,India
test217,t.test217@yahoo.com,7854296521,abc216,test234,SURAT,Gujarat,895941,India
test218,t.test218@yahoo.com,7854296522,abc217,test235,SURAT,Gujarat,895942,India
test219,t.test219@yahoo.com,7854296523,abc218,test236,SURAT,Gujarat,895943,India
test220,t.test220@yahoo.com,7854296524,abc219,test237,SURAT,Gujarat,895944,India
test221,t.test221@yahoo.com,7854296525,abc220,test238,SURAT,Gujarat,895945,India
test222,t.test222@yahoo.com,7854296526,abc221,test239,SURAT,Gujarat,895946,India
test223,t.test223@yahoo.com,7854296527,abc222,test240,SURAT,Gujarat,895947,India
test224,t.test224@yahoo.com,7854296528,abc223,test241,SURAT,Gujarat,895948,India
test225,t.test225@yahoo.com,7854296529,abc224,test242,SURAT,Gujarat,895949,India
test226,t.test226@yahoo.com,7854296530,abc225,test243,SURAT,Gujarat,895950,India
test227,t.test227@yahoo.com,7854296531,abc226,test244,SURAT,Gujarat,895951,India
test228,t.test228@yahoo.com,7854296532,abc227,test245,SURAT,Gujarat,895952,India
test229,t.test229@yahoo.com,7854296533,abc228,test246,SURAT,Gujarat,895953,India
test230,t.test230@yahoo.com,7854296534,abc229,test247,SURAT,Gujarat,895954,India
test231,t.test231@yahoo.com,7854296535,abc230,test248,SURAT,Gujarat,895955,India
test232,t.test232@yahoo.com,7854296536,abc231,test249,SURAT,Gujarat,895956,India
test233,t.test233@yahoo.com,7854296537,abc232,test250,SURAT,Gujarat,895957,India
test234,t.test234@yahoo.com,7854296538,abc233,test251,SURAT,Gujarat,895958,India
test235,t.test235@yahoo.com,7854296539,abc234,test252,SURAT,Gujarat,895959,India
test236,t.test236@yahoo.com,7854296540,abc235,test253,SURAT,Gujarat,895960,India
test237,t.test237@yahoo.com,7854296541,abc236,test254,SURAT,Gujarat,895961,India
test238,t.test238@yahoo.com,7854296542,abc237,test255,SURAT,Gujarat,895962,India
test239,t.test239@yahoo.com,7854296543,abc238,test256,SURAT,Gujarat,895963,India
test240,t.test240@yahoo.com,7854296544,abc239,test257,SURAT,Gujarat,895964,India
test241,t.test241@yahoo.com,7854296545,abc240,test258,SURAT,Gujarat,895965,India
test242,t.test242@yahoo.com,7854296546,abc241,test259,SURAT,Gujarat,895966,India
test243,t.test243@yahoo.com,7854296547,abc242,test260,SURAT,Gujarat,895967,India
test244,t.test244@yahoo.com,7854296548,abc243,test261,SURAT,Gujarat,895968,India
test245,t.test245@yahoo.com,7854296549,abc244,test262,SURAT,Gujarat,895969,India
test246,t.test246@yahoo.com,7854296550,abc245,test263,SURAT,Gujarat,895970,India
test247,t.test247@yahoo.com,7854296551,abc246,test264,SURAT,Gujarat,895971,India
test248,t.test248@yahoo.com,7854296552,abc247,test265,SURAT,Gujarat,895972,India
test249,t.test249@yahoo.com,7854296553,abc248,test266,SURAT,Gujarat,895973,India
test250,t.test250@yahoo.com,7854296554,abc249,test267,SURAT,Gujarat,895974,India
test251,t.test251@yahoo.com,7854296555,abc250,test268,SURAT,Gujarat,895975,India
test252,t.test252@yahoo.com,7854296556,abc251,test269,SURAT,Gujarat,895976,India
test253,t.test253@yahoo.com,7854296557,abc252,test270,SURAT,Gujarat,895977,India
test254,t.test254@yahoo.com,7854296558,abc253,test271,SURAT,Gujarat,895978,India
test255,t.test255@yahoo.com,7854296559,abc254,test272,SURAT,Gujarat,895979,India
test256,t.test256@yahoo.com,7854296560,abc255,test273,SURAT,Gujarat,895980,India
test257,t.test257@yahoo.com,7854296561,abc256,test274,SURAT,Gujarat,895981,India
test258,t.test258@yahoo.com,7854296562,abc257,test275,SURAT,Gujarat,895982,India
test259,t.test259@yahoo.com,7854296563,abc258,test276,SURAT,Gujarat,895983,India
test260,t.test260@yahoo.com,7854296564,abc259,test277,SURAT,Gujarat,895984,India
test261,t.test261@yahoo.com,7854296565,abc260,test278,SURAT,Gujarat,895985,India
test262,t.test262@yahoo.com,7854296566,abc261,test279,SURAT,Gujarat,895986,India
test263,t.test263@yahoo.com,7854296567,abc262,test280,SURAT,Gujarat,895987,India
test264,t.test264@yahoo.com,7854296568,abc263,test281,SURAT,Gujarat,895988,India
test265,t.test265@yahoo.com,7854296569,abc264,test282,SURAT,Gujarat,895989,India
test266,t.test266@yahoo.com,7854296570,abc265,test283,SURAT,Gujarat,895990,India
test267,t.test267@yahoo.com,7854296571,abc266,test284,SURAT,Gujarat,895991,India
test268,t.test268@yahoo.com,7854296572,abc267,test285,SURAT,Gujarat,895992,India
test269,t.test269@yahoo.com,7854296573,abc268,test286,SURAT,Gujarat,895993,India
test270,t.test270@yahoo.com,7854296574,abc269,test287,SURAT,Gujarat,895994,India
test271,t.test271@yahoo.com,7854296575,abc270,test288,SURAT,Gujarat,895995,India
test272,t.test272@yahoo.com,7854296576,abc271,test289,SURAT,Gujarat,895996,India
test273,t.test273@yahoo.com,7854296577,abc272,test290,SURAT,Gujarat,895997,India
test274,t.test274@yahoo.com,7854296578,abc273,test291,SURAT,Gujarat,895998,India
test275,t.test275@yahoo.com,7854296579,abc274,test292,SURAT,Gujarat,895999,India
test276,t.test276@yahoo.com,7854296580,abc275,test293,SURAT,Gujarat,896000,India
test277,t.test277@yahoo.com,7854296581,abc276,test294,SURAT,Gujarat,896001,India
test278,t.test278@yahoo.com,7854296582,abc277,test295,SURAT,Gujarat,896002,India
test279,t.test279@yahoo.com,7854296583,abc278,test296,SURAT,Gujarat,896003,India
test280,t.test280@yahoo.com,7854296584,abc279,test297,SURAT,Gujarat,896004,India
test281,t.test281@yahoo.com,7854296585,abc280,test298,SURAT,Gujarat,896005,India
test282,t.test282@yahoo.com,7854296586,abc281,test299,SURAT,Gujarat,896006,India
test283,t.test283@yahoo.com,7854296587,abc282,test300,SURAT,Gujarat,896007,India
test284,t.test284@yahoo.com,7854296588,abc283,test301,SURAT,Gujarat,896008,India
test285,t.test285@yahoo.com,7854296589,abc284,test302,SURAT,Gujarat,896009,India
test286,t.test286@yahoo.com,7854296590,abc285,test303,SURAT,Gujarat,896010,India
test287,t.test287@yahoo.com,7854296591,abc286,test304,SURAT,Gujarat,896011,India
test288,t.test288@yahoo.com,7854296592,abc287,test305,SURAT,Gujarat,896012,India
test289,t.test289@yahoo.com,7854296593,abc288,test306,SURAT,Gujarat,896013,India
test290,t.test290@yahoo.com,7854296594,abc289,test307,SURAT,Gujarat,896014,India
test291,t.test291@yahoo.com,7854296595,abc290,test308,SURAT,Gujarat,896015,India
test292,t.test292@yahoo.com,7854296596,abc291,test309,SURAT,Gujarat,896016,India
test293,t.test293@yahoo.com,7854296597,abc292,test310,SURAT,Gujarat,896017,India
test294,t.test294@yahoo.com,7854296598,abc293,test311,SURAT,Gujarat,896018,India
test295,t.test295@yahoo.com,7854296599,abc294,test312,SURAT,Gujarat,896019,India
test296,t.test296@yahoo.com,7854296600,abc295,test313,SURAT,Gujarat,896020,India
test297,t.test297@yahoo.com,7854296601,abc296,test314,SURAT,Gujarat,896021,India
test298,t.test298@yahoo.com,7854296602,abc297,test315,SURAT,Gujarat,896022,India
test299,t.test299@yahoo.com,7854296603,abc298,test316,SURAT,Gujarat,896023,India
test300,t.test300@yahoo.com,7854296604,abc299,test317,SURAT,Gujarat,896024,India
test301,t.test301@yahoo.com,7854296605,abc300,test318,SURAT,Gujarat,896025,India
test302,t.test302@yahoo.com,7854296606,abc301,test319,SURAT,Gujarat,896026,India
test303,t.test303@yahoo.com,7854296607,abc302,test320,SURAT,Gujarat,896027,India
test304,t.test304@yahoo.com,7854296608,abc303,test321,SURAT,Gujarat,896028,India
test305,t.test305@yahoo.com,7854296609,abc304,test322,SURAT,Gujarat,896029,India
test306,t.test306@yahoo.com,7854296610,abc305,test323,SURAT,Gujarat,896030,India
test307,t.test307@yahoo.com,7854296611,abc306,test324,SURAT,Gujarat,896031,India
test308,t.test308@yahoo.com,7854296612,abc307,test325,SURAT,Gujarat,896032,India
test309,t.test309@yahoo.com,7854296613,abc308,test326,SURAT,Gujarat,896033,India
test310,t.test310@yahoo.com,7854296614,abc309,test327,SURAT,Gujarat,896034,India
test311,t.test311@yahoo.com,7854296615,abc310,test328,SURAT,Gujarat,896035,India
test312,t.test312@yahoo.com,7854296616,abc311,test329,SURAT,Gujarat,896036,India
test313,t.test313@yahoo.com,7854296617,abc312,test330,SURAT,Gujarat,896037,India
test314,t.test314@yahoo.com,7854296618,abc313,test331,SURAT,Gujarat,896038,India
test315,t.test315@yahoo.com,7854296619,abc314,test332,SURAT,Gujarat,896039,India
test316,t.test316@yahoo.com,7854296620,abc315,test333,SURAT,Gujarat,896040,India
test317,t.test317@yahoo.com,7854296621,abc316,test334,SURAT,Gujarat,896041,India
test318,t.test318@yahoo.com,7854296622,abc317,test335,SURAT,Gujarat,896042,India
test319,t.test319@yahoo.com,7854296623,abc318,test336,SURAT,Gujarat,896043,India
test320,t.test320@yahoo.com,7854296624,abc319,test337,SURAT,Gujarat,896044,India
test321,t.test321@yahoo.com,7854296625,abc320,test338,SURAT,Gujarat,896045,India
test322,t.test322@yahoo.com,7854296626,abc321,test339,SURAT,Gujarat,896046,India
test323,t.test323@yahoo.com,7854296627,abc322,test340,SURAT,Gujarat,896047,India
test324,t.test324@yahoo.com,7854296628,abc323,test341,SURAT,Gujarat,896048,India
test325,t.test325@yahoo.com,7854296629,abc324,test342,SURAT,Gujarat,896049,India
test326,t.test326@yahoo.com,7854296630,abc325,test343,SURAT,Gujarat,896050,India
test327,t.test327@yahoo.com,7854296631,abc326,test344,SURAT,Gujarat,896051,India
test328,t.test328@yahoo.com,7854296632,abc327,test345,SURAT,Gujarat,896052,India
test329,t.test329@yahoo.com,7854296633,abc328,test346,SURAT,Gujarat,896053,India
test330,t.test330@yahoo.com,7854296634,abc329,test347,SURAT,Gujarat,896054,India
test331,t.test331@yahoo.com,7854296635,abc330,test348,SURAT,Gujarat,896055,India
test332,t.test332@yahoo.com,7854296636,abc331,test349,SURAT,Gujarat,896056,India
test333,t.test333@yahoo.com,7854296637,abc332,test350,SURAT,Gujarat,896057,India
test334,t.test334@yahoo.com,7854296638,abc333,test351,SURAT,Gujarat,896058,India
test335,t.test335@yahoo.com,7854296639,abc334,test352,SURAT,Gujarat,896059,India
test336,t.test336@yahoo.com,7854296640,abc335,test353,SURAT,Gujarat,896060,India
test337,t.test337@yahoo.com,7854296641,abc336,test354,SURAT,Gujarat,896061,India
test338,t.test338@yahoo.com,7854296642,abc337,test355,SURAT,Gujarat,896062,India
test339,t.test339@yahoo.com,7854296643,abc338,test356,SURAT,Gujarat,896063,India
test340,t.test340@yahoo.com,7854296644,abc339,test357,SURAT,Gujarat,896064,India
test341,t.test341@yahoo.com,7854296645,abc340,test358,SURAT,Gujarat,896065,India
test342,t.test342@yahoo.com,7854296646,abc341,test359,SURAT,Gujarat,896066,India
test343,t.test343@yahoo.com,7854296647,abc342,test360,SURAT,Gujarat,896067,India
test344,t.test344@yahoo.com,7854296648,abc343,test361,SURAT,Gujarat,896068,India
test345,t.test345@yahoo.com,7854296649,abc344,test362,SURAT,Gujarat,896069,India
test346,t.test346@yahoo.com,7854296650,abc345,test363,SURAT,Gujarat,896070,India
test347,t.test347@yahoo.com,7854296651,abc346,test364,SURAT,Gujarat,896071,India
test348,t.test348@yahoo.com,7854296652,abc347,test365,SURAT,Gujarat,896072,India
test349,t.test349@yahoo.com,7854296653,abc348,test366,SURAT,Gujarat,896073,India
test350,t.test350@yahoo.com,7854296654,abc349,test367,SURAT,Gujarat,896074,India
test351,t.test351@yahoo.com,7854296655,abc350,test368,SURAT,Gujarat,896075,India
test352,t.test352@yahoo.com,7854296656,abc351,test369,SURAT,Gujarat,896076,India
test353,t.test353@yahoo.com,7854296657,abc352,test370,SURAT,Gujarat,896077,India
test354,t.test354@yahoo.com,7854296658,abc353,test371,SURAT,Gujarat,896078,India
test355,t.test355@yahoo.com,7854296659,abc354,test372,SURAT,Gujarat,896079,India
test356,t.test356@yahoo.com,7854296660,abc355,test373,SURAT,Gujarat,896080,India
test357,t.test357@yahoo.com,7854296661,abc356,test374,SURAT,Gujarat,896081,India
test358,t.test358@yahoo.com,7854296662,abc357,test375,SURAT,Gujarat,896082,India
test359,t.test359@yahoo.com,7854296663,abc358,test376,SURAT,Gujarat,896083,India
test360,t.test360@yahoo.com,7854296664,abc359,test377,SURAT,Gujarat,896084,India
test361,t.test361@yahoo.com,7854296665,abc360,test378,SURAT,Gujarat,896085,India
test362,t.test362@yahoo.com,7854296666,abc361,test379,SURAT,Gujarat,896086,India
test363,t.test363@yahoo.com,7854296667,abc362,test380,SURAT,Gujarat,896087,India
test364,t.test364@yahoo.com,7854296668,abc363,test381,SURAT,Gujarat,896088,India
test365,t.test365@yahoo.com,7854296669,abc364,test382,SURAT,Gujarat,896089,India
test366,t.test366@yahoo.com,7854296670,abc365,test383,SURAT,Gujarat,896090,India
test367,t.test367@yahoo.com,7854296671,abc366,test384,SURAT,Gujarat,896091,India
test368,t.test368@yahoo.com,7854296672,abc367,test385,SURAT,Gujarat,896092,India
test369,t.test369@yahoo.com,7854296673,abc368,test386,SURAT,Gujarat,896093,India
test370,t.test370@yahoo.com,7854296674,abc369,test387,SURAT,Gujarat,896094,India
test371,t.test371@yahoo.com,7854296675,abc370,test388,SURAT,Gujarat,896095,India
test372,t.test372@yahoo.com,7854296676,abc371,test389,SURAT,Gujarat,896096,India
test373,t.test373@yahoo.com,7854296677,abc372,test390,SURAT,Gujarat,896097,India
test374,t.test374@yahoo.com,7854296678,abc373,test391,SURAT,Gujarat,896098,India
test375,t.test375@yahoo.com,7854296679,abc374,test392,SURAT,Gujarat,896099,India
test376,t.test376@yahoo.com,7854296680,abc375,test393,SURAT,Gujarat,896100,India
test377,t.test377@yahoo.com,7854296681,abc376,test394,SURAT,Gujarat,896101,India
test378,t.test378@yahoo.com,7854296682,abc377,test395,SURAT,Gujarat,896102,India
test379,t.test379@yahoo.com,7854296683,abc378,test396,SURAT,Gujarat,896103,India
test380,t.test380@yahoo.com,7854296684,abc379,test397,SURAT,Gujarat,896104,India
test381,t.test381@yahoo.com,7854296685,abc380,test398,SURAT,Gujarat,896105,India
test382,t.test382@yahoo.com,7854296686,abc381,test399,SURAT,Gujarat,896106,India
test383,t.test383@yahoo.com,7854296687,abc382,test400,SURAT,Gujarat,896107,India
test384,t.test384@yahoo.com,7854296688,abc383,test401,SURAT,Gujarat,896108,India
test385,t.test385@yahoo.com,7854296689,abc384,test402,SURAT,Gujarat,896109,India
test386,t.test386@yahoo.com,7854296690,abc385,test403,SURAT,Gujarat,896110,India
test387,t.test387@yahoo.com,7854296691,abc386,test404,SURAT,Gujarat,896111,India
test388,t.test388@yahoo.com,7854296692,abc387,test405,SURAT,Gujarat,896112,India
test389,t.test389@yahoo.com,7854296693,abc388,test406,SURAT,Gujarat,896113,India
test390,t.test390@yahoo.com,7854296694,abc389,test407,SURAT,Gujarat,896114,India
test391,t.test391@yahoo.com,7854296695,abc390,test408,SURAT,Gujarat,896115,India
test392,t.test392@yahoo.com,7854296696,abc391,test409,SURAT,Gujarat,896116,India
test393,t.test393@yahoo.com,7854296697,abc392,test410,SURAT,Gujarat,896117,India
test394,t.test394@yahoo.com,7854296698,abc393,test411,SURAT,Gujarat,896118,India
test395,t.test395@yahoo.com,7854296699,abc394,test412,SURAT,Gujarat,896119,India
test396,t.test396@yahoo.com,7854296700,abc395,test413,SURAT,Gujarat,896120,India
test397,t.test397@yahoo.com,7854296701,abc396,test414,SURAT,Gujarat,896121,India
test398,t.test398@yahoo.com,7854296702,abc397,test415,SURAT,Gujarat,896122,India
test399,t.test399@yahoo.com,7854296703,abc398,test416,SURAT,Gujarat,896123,India
test400,t.test400@yahoo.com,7854296704,abc399,test417,SURAT,Gujarat,896124,India
test401,t.test401@yahoo.com,7854296705,abc400,test418,SURAT,Gujarat,896125,India
test402,t.test402@yahoo.com,7854296706,abc401,test419,SURAT,Gujarat,896126,India
test403,t.test403@yahoo.com,7854296707,abc402,test420,SURAT,Gujarat,896127,India
test404,t.test404@yahoo.com,7854296708,abc403,test421,SURAT,Gujarat,896128,India
test405,t.test405@yahoo.com,7854296709,abc404,test422,SURAT,Gujarat,896129,India
test406,t.test406@yahoo.com,7854296710,abc405,test423,SURAT,Gujarat,896130,India
test407,t.test407@yahoo.com,7854296711,abc406,test424,SURAT,Gujarat,896131,India
test408,t.test408@yahoo.com,7854296712,abc407,test425,SURAT,Gujarat,896132,India
test409,t.test409@yahoo.com,7854296713,abc408,test426,SURAT,Gujarat,896133,India
test410,t.test410@yahoo.com,7854296714,abc409,test427,SURAT,Gujarat,896134,India
test411,t.test411@yahoo.com,7854296715,abc410,test428,SURAT,Gujarat,896135,India
test412,t.test412@yahoo.com,7854296716,abc411,test429,SURAT,Gujarat,896136,India
test413,t.test413@yahoo.com,7854296717,abc412,test430,SURAT,Gujarat,896137,India
test414,t.test414@yahoo.com,7854296718,abc413,test431,SURAT,Gujarat,896138,India
test415,t.test415@yahoo.com,7854296719,abc414,test432,SURAT,Gujarat,896139,India
test416,t.test416@yahoo.com,7854296720,abc415,test433,SURAT,Gujarat,896140,India
test417,t.test417@yahoo.com,7854296721,abc416,test434,SURAT,Gujarat,896141,India
test418,t.test418@yahoo.com,7854296722,abc417,test435,SURAT,Gujarat,896142,India
test419,t.test419@yahoo.com,7854296723,abc418,test436,SURAT,Gujarat,896143,India
test420,t.test420@yahoo.com,7854296724,abc419,test437,SURAT,Gujarat,896144,India
test421,t.test421@yahoo.com,7854296725,abc420,test438,SURAT,Gujarat,896145,India
test422,t.test422@yahoo.com,7854296726,abc421,test439,SURAT,Gujarat,896146,India
test423,t.test423@yahoo.com,7854296727,abc422,test440,SURAT,Gujarat,896147,India
test424,t.test424@yahoo.com,7854296728,abc423,test441,SURAT,Gujarat,896148,India
test425,t.test425@yahoo.com,7854296729,abc424,test442,SURAT,Gujarat,896149,India
test426,t.test426@yahoo.com,7854296730,abc425,test443,SURAT,Gujarat,896150,India
test427,t.test427@yahoo.com,7854296731,abc426,test444,SURAT,Gujarat,896151,India
test428,t.test428@yahoo.com,7854296732,abc427,test445,SURAT,Gujarat,896152,India
test429,t.test429@yahoo.com,7854296733,abc428,test446,SURAT,Gujarat,896153,India
test430,t.test430@yahoo.com,7854296734,abc429,test447,SURAT,Gujarat,896154,India
test431,t.test431@yahoo.com,7854296735,abc430,test448,SURAT,Gujarat,896155,India
test432,t.test432@yahoo.com,7854296736,abc431,test449,SURAT,Gujarat,896156,India
test433,t.test433@yahoo.com,7854296737,abc432,test450,SURAT,Gujarat,896157,India
test434,t.test434@yahoo.com,7854296738,abc433,test451,SURAT,Gujarat,896158,India
test435,t.test435@yahoo.com,7854296739,abc434,test452,SURAT,Gujarat,896159,India
test436,t.test436@yahoo.com,7854296740,abc435,test453,SURAT,Gujarat,896160,India
test437,t.test437@yahoo.com,7854296741,abc436,test454,SURAT,Gujarat,896161,India
test438,t.test438@yahoo.com,7854296742,abc437,test455,SURAT,Gujarat,896162,India
test439,t.test439@yahoo.com,7854296743,abc438,test456,SURAT,Gujarat,896163,India
test440,t.test440@yahoo.com,7854296744,abc439,test457,SURAT,Gujarat,896164,India
test441,t.test441@yahoo.com,7854296745,abc440,test458,SURAT,Gujarat,896165,India
test442,t.test442@yahoo.com,7854296746,abc441,test459,SURAT,Gujarat,896166,India
test443,t.test443@yahoo.com,7854296747,abc442,test460,SURAT,Gujarat,896167,India
test444,t.test444@yahoo.com,7854296748,abc443,test461,SURAT,Gujarat,896168,India
test445,t.test445@yahoo.com,7854296749,abc444,test462,SURAT,Gujarat,896169,India
test446,t.test446@yahoo.com,7854296750,abc445,test463,SURAT,Gujarat,896170,India
test447,t.test447@yahoo.com,7854296751,abc446,test464,SURAT,Gujarat,896171,India
test448,t.test448@yahoo.com,7854296752,abc447,test465,SURAT,Gujarat,896172,India
test449,t.test449@yahoo.com,7854296753,abc448,test466,SURAT,Gujarat,896173,India
test450,t.test450@yahoo.com,7854296754,abc449,test467,SURAT,Gujarat,896174,India
test451,t.test451@yahoo.com,7854296755,abc450,test468,SURAT,Gujarat,896175,India
test452,t.test452@yahoo.com,7854296756,abc451,test469,SURAT,Gujarat,896176,India
test453,t.test453@yahoo.com,7854296757,abc452,test470,SURAT,Gujarat,896177,India
test454,t.test454@yahoo.com,7854296758,abc453,test471,SURAT,Gujarat,896178,India
test455,t.test455@yahoo.com,7854296759,abc454,test472,SURAT,Gujarat,896179,India
test456,t.test456@yahoo.com,7854296760,abc455,test473,SURAT,Gujarat,896180,India
test457,t.test457@yahoo.com,7854296761,abc456,test474,SURAT,Gujarat,896181,India
test458,t.test458@yahoo.com,7854296762,abc457,test475,SURAT,Gujarat,896182,India
test459,t.test459@yahoo.com,7854296763,abc458,test476,SURAT,Gujarat,896183,India
test460,t.test460@yahoo.com,7854296764,abc459,test477,SURAT,Gujarat,896184,India
test461,t.test461@yahoo.com,7854296765,abc460,test478,SURAT,Gujarat,896185,India
test462,t.test462@yahoo.com,7854296766,abc461,test479,SURAT,Gujarat,896186,India
test463,t.test463@yahoo.com,7854296767,abc462,test480,SURAT,Gujarat,896187,India
test464,t.test464@yahoo.com,7854296768,abc463,test481,SURAT,Gujarat,896188,India
test465,t.test465@yahoo.com,7854296769,abc464,test482,SURAT,Gujarat,896189,India
test466,t.test466@yahoo.com,7854296770,abc465,test483,SURAT,Gujarat,896190,India
test467,t.test467@yahoo.com,7854296771,abc466,test484,SURAT,Gujarat,896191,India
test468,t.test468@yahoo.com,7854296772,abc467,test485,SURAT,Gujarat,896192,India
test469,t.test469@yahoo.com,7854296773,abc468,test486,SURAT,Gujarat,896193,India
test470,t.test470@yahoo.com,7854296774,abc469,test487,SURAT,Gujarat,896194,India
test471,t.test471@yahoo.com,7854296775,abc470,test488,SURAT,Gujarat,896195,India
test472,t.test472@yahoo.com,7854296776,abc471,test489,SURAT,Gujarat,896196,India
test473,t.test473@yahoo.com,7854296777,abc472,test490,SURAT,Gujarat,896197,India
test474,t.test474@yahoo.com,7854296778,abc473,test491,SURAT,Gujarat,896198,India
test475,t.test475@yahoo.com,7854296779,abc474,test492,SURAT,Gujarat,896199,India
test476,t.test476@yahoo.com,7854296780,abc475,test493,SURAT,Gujarat,896200,India
test477,t.test477@yahoo.com,7854296781,abc476,test494,SURAT,Gujarat,896201,India
test478,t.test478@yahoo.com,7854296782,abc477,test495,SURAT,Gujarat,896202,India
test479,t.test479@yahoo.com,7854296783,abc478,test496,SURAT,Gujarat,896203,India
test480,t.test480@yahoo.com,7854296784,abc479,test497,SURAT,Gujarat,896204,India
test481,t.test481@yahoo.com,7854296785,abc480,test498,SURAT,Gujarat,896205,India
test482,t.test482@yahoo.com,7854296786,abc481,test499,SURAT,Gujarat,896206,India
test483,t.test483@yahoo.com,7854296787,abc482,test500,SURAT,Gujarat,896207,India
test484,t.test484@yahoo.com,7854296788,abc483,test501,SURAT,Gujarat,896208,India
test485,t.test485@yahoo.com,7854296789,abc484,test502,SURAT,Gujarat,896209,India
